[
  {
    "id": "0a5aa891-133c-47ec-9073-3bfa3bb2f250",
    "data": [
      {
        "text": "hejsan",
        "userDefined": false
      }
    ],
    "isTemplate": false,
    "count": 0,
    "updated": 0
  },
  {
    "id": "58f1452f-3c9b-425e-8b53-4907403ab325",
    "data": [
      {
        "text": "goddag",
        "userDefined": false
      }
    ],
    "isTemplate": false,
    "count": 0,
    "updated": 0
  },
  {
    "id": "cf217b21-2580-48e0-925d-ca80b2c894e1",
    "data": [
      {
        "text": "hej",
        "userDefined": false
      }
    ],
    "isTemplate": false,
    "count": 0,
    "updated": 0
  },
  {
    "id": "a86fbc47-e46f-42b2-8f24-d26acb45276f",
    "data": [
      {
        "text": "hälsningar",
        "userDefined": false
      }
    ],
    "isTemplate": false,
    "count": 0,
    "updated": 0
  },
  {
    "id": "db3d0380-3d10-48f0-a79a-6b76db129436",
    "data": [
      {
        "text": "tja",
        "userDefined": false
      }
    ],
    "isTemplate": false,
    "count": 0,
    "updated": 0
  },
  {
    "id": "fb90b4d2-d49c-4e09-85e6-0fa3a85329bf",
    "data": [
      {
        "text": "tjena",
        "userDefined": false
      }
    ],
    "isTemplate": false,
    "count": 0,
    "updated": 0
  },
  {
    "id": "1732bee1-b94f-4381-87c0-1778e9677f20",
    "data": [
      {
        "text": "tjenare",
        "userDefined": false
      }
    ],
    "isTemplate": false,
    "count": 0,
    "updated": 0
  },
  {
    "id": "6e0f065f-a2ac-45d4-a7d4-10e7deb61306",
    "data": [
      {
        "text": "hallå",
        "userDefined": false
      }
    ],
    "isTemplate": false,
    "count": 0,
    "updated": 0
  },
  {
    "id": "7396fc02-feaf-4782-89f5-c70f741cb742",
    "data": [
      {
        "text": "hej där",
        "userDefined": false
      }
    ],
    "isTemplate": false,
    "count": 0,
    "updated": 0
  },
  {
    "id": "07dab170-36ef-4f82-a438-ef94707c0cbe",
    "data": [
      {
        "text": "länge sen sist",
        "userDefined": false
      }
    ],
    "isTemplate": false,
    "count": 0,
    "updated": 0
  }
]