[
  {
    "id": "fc856c0d-4596-4a22-a063-f87674f78b2a",
    "data": [
      {
        "text": "I\u0027ve been bad for ",
        "userDefined": false
      },
      {
        "text": "2 days",
        "alias": "duration",
        "meta": "@sys.duration",
        "userDefined": false
      }
    ],
    "isTemplate": false,
    "count": 0,
    "updated": 0
  },
  {
    "id": "bda71ac4-140e-4113-a2d0-b398e651e99a",
    "data": [
      {
        "text": "2 months",
        "alias": "duration",
        "meta": "@sys.duration",
        "userDefined": false
      }
    ],
    "isTemplate": false,
    "count": 0,
    "updated": 0
  },
  {
    "id": "0aa33287-fcb2-4ce9-83d6-cafb2180f12d",
    "data": [
      {
        "text": "one day",
        "alias": "duration",
        "meta": "@sys.duration",
        "userDefined": false
      }
    ],
    "isTemplate": false,
    "count": 0,
    "updated": 0
  },
  {
    "id": "4738047d-03b1-4ead-b03c-d3603a0d1b69",
    "data": [
      {
        "text": "2 weeks",
        "alias": "duration",
        "meta": "@sys.duration",
        "userDefined": false
      }
    ],
    "isTemplate": false,
    "count": 0,
    "updated": 0
  }
]